{"cameraMode":{"drawMode":0,"name":"Shaded","section":"Shading Mode"},"sceneLighting":true,"audioPlay":false,"sceneViewState":{"showFog":true,"showMaterialUpdate":false,"showSkybox":true,"showFlares":true,"showImageEffects":true,"showParticleSystems":true},"in2DMode":false,"pivot":{"x":-16.835866928100587,"y":0.9086074829101563,"z":-1.419179916381836},"rotation":{"x":-0.1965302675962448,"y":-0.1371583789587021,"z":0.027776110917329789,"w":-0.9704623222351074},"size":9.665637969970704,"orthographic":false}